{
    "restaurants": [
        {
            "restaurantId": "1",
            "restaurantName": "the mansion",
            "restaurantDescription": "fast food",
            "restaurantImage": "the mansion",
            "Locality": "delhi",
            "foods": [
                {
                    "foodId": "1",
                    "foodName": "burgur",
                    "price": 200,
                    "foodImage": "burgur",
                    "quantity": 1,
                    "foodDescription": "fast food"
                },
                {
                    "foodId": "2",
                    "foodName": "chawmein",
                    "price": 300,
                    "foodImage": "chawmein",
                    "quantity": 1,
                    "foodDescription": "fast food"
                }
            ]
        },
        {
            "restaurantId": "2",
            "restaurantName": "southy",
            "restaurantDescription": "south",
            "restaurantImage": "southy",
            "Locality": "delhi",
            "foods": [
                {
                    "foodId": "1",
                    "foodName": "burgur",
                    "price": 200,
                    "foodImage": "burgur",
                    "quantity": 1,
                    "foodDescription": "fast food"
                },
                {
                    "foodId": "2",
                    "foodName": "chawmein",
                    "price": 300,
                    "foodImage": "chawmein",
                    "quantity": 1,
                    "foodDescription": "fast food"
                }
            ]
        }
    ]
}
